date,customer_name,category,label,voucher_no,amount
2026-05-01,APC Veerabahu Mat.Hr.Sec School,Service,Service,DIL/038/26-27,627.0
2026-05-01,Sri Jeyasakthi Home Doors Private Limited,Sales,Sales,0087/2026-2027,6480.0
2026-05-01,ROSHAN TECHNOLOGIES,Sales,Sales,0088/2026-2027,2390.0
2026-05-01,Theva & Co,Sales,Sales,0089/2026-2027,3390.0
2026-05-02,Durga Salt,Sales,Sales,0090/2026-2027,2940.0
2026-05-02,Avm Hospital,Service,Service,DIL/039/26-27,2040.0
2026-05-04,Mr.Gopinath,Sales,Sales,0091/2026-2027,43800.0
2026-05-04,Ant Fintech (Opc) Private Limited,Sales,Sales,0092/2026-2027,165800.0
2026-05-04,The Pastorate Chairman,Sales,Sales,0093/2026-2027,2960.0
2026-05-04,Mervin Joseph,Sales,Sales,0094/2026-2027,1020.0
2026-05-04,Deva Balan,Sales,Sales,0095/2026-2027,441.0
2026-05-05,Manoj Kumar,Sales,Sales,0096/2026-2027,551.0
2026-05-05,Kala,Sales,Sales,0097/2026-2027,1750.0
2026-05-05,Techdew UX Design & Consulting Pvt Ltd,Service,Service,DIL/040/26-27,530.0
2026-05-05,Bethesda Lab,Sales,Sales,0098/2026-2027,9100.0
2026-05-05,Thomas Fdo & Co,Service,Service,DIL/041/26-27,1840.0
2026-05-05,Thomas Fdo & Co,Sales,Sales,0099/2026-2027,2350.0
2026-05-05,The Pastorate Chairman,Sales,Sales,0100/2026-2027,1890.0
2026-05-06,Jenirich,Service,Service,DIL/042/26-27,431.0
2026-05-06,Sundaram Arulraj Hospital,Sales,Sales,0101/2026-2027,758.0
2026-05-06,APC Veerabahu Mat.Hr.Sec School,Service,Service,DIL/043/26-27,517.0
2026-05-06,"Dahnay Logistics Pvt Ltd.,",Sales,Sales,0102/2026-2027,1070.0
2026-05-06,APC Veerabahu Mat.Hr.Sec School,Sales,Sales,0103/2026-2027,726800.0
2026-05-06,Priya Packaging,Service,Service,DIL/044/26-27,514.0
2026-05-06,Techdew UX Design & Consulting Pvt Ltd,Service,Service,DIL/045/26-27,682.0
2026-05-07,Babu Car Jewels,Service,Service,DIL/046/26-27,434.0
2026-05-07,Priya Packaging,Service,Service,DIL/047/26-27,517.0
2026-05-07,Shadiram & Sons Pvt Ltd,Sales,Sales,0104/2026-2027,3070.0
2026-05-08,Jebakumar,Service,Service,DIL/048/26-27,733.0
2026-05-08,Esvara Agency,Service,Service,DIL/049/26-27,2410.0
2026-05-08,Jeffe,Service,Service,DIL/050/26-27,2820.0
2026-05-08,Sri Jeyasakthi Home Doors Private Limited,Sales,Sales,0105/2026-2027,6500.0
2026-05-11,Marvish Prasanna,Sales,Sales,0106/2026-2027,1940.0
2026-05-11,Balaji X-Ray,Sales,Sales,0107/2026-2027,2100.0
2026-05-11,APC Veerabahu Mat.Hr.Sec School,Sales,Sales,0108/2026-2027,937.0
2026-05-11,Jebakumar,Service,Service,DIL/051/26-27,676.0
2026-05-12,Bethesda Lab,Sales,Sales,0109/2026-2027,8250.0
2026-05-12,APC Veerabahu Mat.Hr.Sec School,Sales,Sales,0110/2026-2027,807.0
2026-05-12,Sakthi,Sales,Sales,0111/2026-2027,175.0
2026-05-13,Theva & Co,Service,Service,DIL/052/26-27,1400.0
2026-05-13,Thomas Fdo & Co,Service,Service,DIL/053/26-27,1510.0
2026-05-13,Thomas Fdo & Co,Service,Service,DIL/054/26-27,1160.0
2026-05-13,Manoj Kumar,Sales,Sales,0112/2026-2027,489.0
2026-05-13,Lordson Newton,Sales,Sales,0113/2026-2027,62200.0
2026-05-13,Priya Packaging,Sales,Sales,0114/2026-2027,236.0
2026-05-13,Mr.Gopinath,Sales,Sales,0115/2026-2027,68000.0
2026-05-13,Nippon Ganesan,Service,Service,DIL/055/26-27,775.0
2026-05-14,Mangalam Fibre Works Private Limited,Service,Service,DIL/056/26-27,922.0
2026-05-14,Thinakaran,Sales,Sales,0116/2026-2027,600.0
2026-05-14,Kala,Sales,Sales,0117/2026-2027,1010.0
2026-05-15,Omega Fertility Centre,Service,Service,DIL/057/26-27,495.0
2026-05-15,Parvathy Poly Bags,Sales,Sales,0118/2026-2027,545.0
2026-05-15,Thomas Fdo & Co,Service,Service,DIL/058/26-27,2530.0
2026-05-15,Surendhar,Sales,Sales,0119/2026-2027,154.0
2026-05-15,Thomas Fdo & Co,Sales,Sales,0120/2026-2027,2960.0
2026-05-15,The HOD ( Surgery ),Service,Service,DIL/059/26-27,6490.0
2026-05-15,Manika Plastech Limited,Sales,Sales,0121/2026-2027,101.0
2026-05-16,Kala,Sales,Sales,0122/2026-2027,1560.0
2026-05-16,RKV Fright Services Pvt Ltd,Sales,Sales,0123/2026-2027,404.0
2026-05-16,Esvara Agency,Sales,Sales,0124/2026-2027,1330.0
2026-05-16,Sundaram Arulraj Hospital,Sales,Sales,0125/2026-2027,2310.0
2026-05-16,The Pastorate Chairman,Sales,Sales,0126/2026-2027,2100.0
2026-05-18,The Deputy Director MPEDA,AMC,AMC Maintenance,DIL/AMC/5/26-27,4710.0
2026-05-18,RR Hospital,Service,Service,DIL/060/26-27,1080.0
2026-05-18,Bethesda Lab,Sales,Sales,0127/2026-2027,1750.0
2026-05-18,Santhanam Packaging,Sales,Sales,0128/2026-2027,2170.0
2026-05-19,Priya Packaging,Sales,Sales,0129/2026-2027,6180.0
2026-05-19,Madasamy,Sales,Sales,0130/2026-2027,349.0
2026-05-19,Esvara Agency,Sales,Sales,0131/2026-2027,1370.0
2026-05-19,Nippon Ganesan,Service,Service,DIL/061/26-27,446.0
2026-05-19,Manoj Kumar,Sales,Sales,0132/2026-2027,483.0
2026-05-19,RR Hospital,Service,Service,DIL/062/26-27,921.0
2026-05-20,"Dahnay Logistics Pvt Ltd.,",Sales,Sales,0133/2026-2027,887.0
2026-05-20,Marvish Prasanna,Sales,Sales,0134/2026-2027,1330.0
2026-05-20,Mervin Joseph,Sales,Sales,0135/2026-2027,987.0
2026-05-21,Rosemount Shipping India Private Limited,AMC,AMC Maintenance,DIL/AMC/6/26-27,8540.0
2026-05-21,Tsc Purple Private Limited,Service,Service,DIL/063/26-27,1590.0
2026-05-21,RKV Fright Services Pvt Ltd,Sales,Sales,0136/2026-2027,442.0
2026-05-22,Parvathy Woven Sacks Industries,Sales,Sales,0137/2026-2027,660.0
2026-05-22,Santhanam Packaging,Sales,Sales,0138/2026-2027,1030.0
2026-05-22,Santhanam Packaging,Sales,Sales,0139/2026-2027,819.0
2026-05-22,Athavan Impex,Sales,Sales,0140/2026-2027,701.0
2026-05-22,Parvathy Traders,Sales,Sales,0141/2026-2027,739.0
2026-05-22,Cliffline Shipping India Private Limited [RENT],Rental,Rental Income,003/26-27,45800.0
2026-05-23,Thomas Fdo & Co,Sales,Sales,0142/2026-2027,2180.0
2026-05-23,Thomas Fdo & Co,Sales,Sales,0143/2026-2027,2760.0
2026-05-23,Avm Hospital,Service,Service,DIL/064/26-27,463.0
2026-05-23,Theva & Co,Sales,Sales,0144/2026-2027,574.0
2026-05-23,Sridharthan,Sales,Sales,0145/2026-2027,351.0
2026-05-23,APC Veerabahu Mat.Hr.Sec School,Sales,Sales,0146/2026-2027,725.0
2026-05-23,Manoj Kumar,Sales,Sales,0147/2026-2027,322.0
2026-05-25,PRS Industries,Sales,Sales,0148/2026-2027,1350.0
2026-05-25,Mr.Saravanan,Sales,Sales,0149/2026-2027,76.0
2026-05-26,Surendhar,Sales,Sales,0150/2026-2027,175.0
2026-05-26,Avm Hospital,Service,Service,DIL/065/26-27,1010.0
2026-05-26,Manika Plastech Limited,Sales,Sales,0151/2026-2027,152.0
2026-05-26,Theva & Co,Service,Service,DIL/066/26-27,1450.0
2026-05-26,Esvara Agency,Sales,Sales,0152/2026-2027,1940.0
2026-05-27,Mani & Co,Sales,Sales,0153/2026-2027,1370.0
2026-05-27,Avm Hospital,Service,Service,DIL/067/26-27,1870.0
2026-05-27,Shadiram & Sons Pvt Ltd,AMC,AMC Maintenance,DIL/AMC/7/26-27,14000.0
2026-05-28,Priya Packaging,Service,Service,DIL/068/26-27,481.0
2026-05-28,RR Hospital,Sales,Sales,0154/2026-2027,765.0
2026-05-28,Bramma Sankar Agency,Sales,Sales,0155/2026-2027,72200.0
2026-05-28,Esvara Agency,Sales,Sales,0156/2026-2027,1730.0
2026-05-28,Parthiban,Sales,Sales,0157/2026-2027,159.0
2026-05-28,Mr.Gopinath,Sales,Sales,0158/2026-2027,35700.0
2026-05-28,Thomas Fdo & Co,Service,Service,DIL/069/26-27,4180.0
2026-05-29,Sivakumar,Sales,Sales,0159/2026-2027,749.0
2026-05-29,PRS Industries,Service,Service,DIL/070/26-27,445.0
2026-05-30,Cargomar Private Limited,AMC,AMC Maintenance,DIL/AMC/8/26-27,41900.0
2026-05-30,Bala,Sales,Sales,0160/2026-2027,452.0
2026-05-30,Sakthi,Sales,Sales,0161/2026-2027,117.0
